{
  "datapoints": [
    {
      "_id": 0,
      "key": "Animal",
      "value": "Cat",
      "id": 1
    },
    {
      "_id": 0,
      "key": "Automibile",
      "value": "Car",
      "id": 2
    },
    {
      "key": "asd",
      "value": "asd",
      "id": 3
    },
    {
      "key": "asd",
      "value": "asd",
      "id": 4
    }
  ],
  "authenticate": {
    "token": "eyJ0eXAiOiJKV1QiLCJhbGciOiJIUzI1NiJ9.eyJ1c2VySWQiOiI1ZGU1MDg4NWE5NWIxNjE4NjhjMmY3M2MiLCJ1c2VybmFtZSI6InRlc3QiLCJzY29wZSI6ImFkbWluIiwiaWF0IjoxNTc1NTI2MTI0LCJleHAiOjE1NzU1Mjk3MjR9.bA3QiJwttR58_ruQqJpSK0SuTProZ5hUFb7Yqr4u2A0"
	},
	
	"getUsers" : [
		{
			"_id": "5de6745cecefde2e5834c480",
			"user_fname": "Prasad",
			"user_lname": "Wadekar",
			"user_email": "prasad.wadekar@cheersin.com",
			"user_password": "af961c2e46eeb7c0d9df8e3862d79a3e31c20366",
			"user_login_id": "prasad1",
			"user_relationship_manager_name": "Nilesh Lathe",
			"user_relationship_manager_email": "nilesh.lathe@cheersin.com",
			"btb_id": "1234",
			"user_active": 1,
			"user_personal_address": [],
			"user_office_address": [
				{
					"mobile":"123123132132"
				}
			],
			"user_company": [],
			"user_subscription": [],
			"user_social_links": {
				"twitter": "prasad5667",
				"facebook": "prasad1234",
				"linkedin": "prasad1234"
			}
		},
		{
			"_id": "5de6745cecefde2e5834c480",
			"user_fname": "Aditya",
			"user_lname": " Tijare",
			"user_email": "aditya@cheersin.com",
			"user_password": "af961c2e46eeb7c0d9df8e3862d79a3e31c20366",
			"user_login_id": "prasad1",
			"user_relationship_manager_name": "Nilesh Lathe",
			"user_relationship_manager_email": "nilesh.lathe@cheersin.com",
			"btb_id": "1234",
			"user_active": 1,
			"user_personal_address": [],
			"user_office_address": [{
					"mobile":"123123132132"
				}],
			"user_company": [],
			"user_subscription": [],
			"user_social_links": {
				"twitter": "prasad5667",
				"facebook": "prasad1234",
				"linkedin": "prasad1234"
			}
		},
		{
			"_id": "5de6745cecefde2e5834c480",
			"user_fname": "Suraj",
			"user_lname": " Varane",
			"user_email": "suraj@cheersin.com",
			"user_password": "af961c2e46eeb7c0d9df8e3862d79a3e31c20366",
			"user_login_id": "prasad1",
			"user_relationship_manager_name": "Nilesh Lathe",
			"user_relationship_manager_email": "nilesh.lathe@cheersin.com",
			"btb_id": "1234",
			"user_active": 1,
			"user_personal_address": [],
			"user_office_address": [],
			"user_company": [],
			"user_subscription": [],
			"user_social_links": {
				"twitter": "prasad5667",
				"facebook": "prasad1234",
				"linkedin": "prasad1234"
			}
		}
	
	]
}